Class,Sepal_Length,Sepal_Width,Petal_Length,Petal_Width
Iris-setosa,5.005999999999999,3.4180000000000006,1.464,0.2439999999999999
Iris-versicolor,5.936,2.7700000000000005,4.26,1.3259999999999998
Iris-virginica,6.587999999999998,2.9739999999999998,5.552,2.026
