,count,mean,std,min,25%,50%,75%,max
Sepal_Length,150.0,5.843333333333335,0.8280661279778629,4.3,5.1,5.8,6.4,7.9
Sepal_Width,150.0,3.0540000000000007,0.4335943113621737,2.0,2.8,3.0,3.3,4.4
Petal_Length,150.0,3.7586666666666693,1.7644204199522617,1.0,1.6,4.35,5.1,6.9
Petal_Width,150.0,1.1986666666666672,0.7631607417008414,0.1,0.3,1.3,1.8,2.5
