,Sepal_Length,Sepal_Width,Petal_Length,Petal_Width
Sepal_Length,1.0,-0.10936924995064935,0.8717541573048719,0.8179536333691635
Sepal_Width,-0.10936924995064935,1.0,-0.42051609640115484,-0.3565440896138055
Petal_Length,0.8717541573048719,-0.42051609640115484,1.0,0.9627570970509667
Petal_Width,0.8179536333691635,-0.3565440896138055,0.9627570970509667,1.0
