Class,Sepal_Length,Sepal_Width,Petal_Length,Petal_Width
Iris-setosa,0.3524896872134513,0.38102439795469095,0.1735111594364455,0.1072095030816784
Iris-versicolor,0.5161711470638635,0.3137983233784114,0.46991097723995784,0.19775268000454407
Iris-virginica,0.635879593274432,0.3224966381726375,0.5518946956639835,0.27465005563666745
